점포명,유형,위치,위도,경도
영흥수협회센터 골목형상점가,상점가,옹진군 영흥면 내리8-165외1필지,37.25420496,126.4965421
홈플러스 인천송도점,대형마트,인천광역시 연수구 송도국제대로 165(송도동),37.38022552,126.6563722
트리플 스트리트,상점가,인천광역시 연수구 송도과학로16번길 33-1 (송도동),37.38069572,126.6587837
현대프리미엄 아울렛 송도점,백화점,인천광역시 연수구 송도국제대로 123 (송도동),37.3816291,126.657917
송도 트리플타워 골목형상점가,상점가,연수구 송도과학로28번길 8,37.38244307,126.6606341
송도 타임스페이스 골목형상점가,상점가,연수구 하모니로 158,37.3832947,126.642256
롯데마트 송도점,대형마트,인천광역시 연수구 컨벤시아대로 177 (송도동),37.38831435,126.6433241
인천스타트업파크,상점가,인천광역시 연수구 컨벤시아대로 204 (송도동),37.38853976,126.6399575
코스트코 홀세일 송도점,대형마트,인천광역시 연수구 컨벤시아대로230번길 60 (송도동),37.38965395,126.633298
이리옴프라자 골목형상점가,상점가,연수구 신송로125번길 7,37.39494769,126.6515584
(주)천성세이브마트논현점,준대규모 점포,"인천광역시 남동구 논고개로 61, 지하1층 B01호 (논현동, 라피에스타)",37.39753735,126.7275204
소래포구전통어시장,전통시장,남동구 장도로 86-17,37.39792768,126.7393127
이마트에브리데이 인천논현점,준대규모 점포,"인천광역시 남동구 앵고개로847번길 56, 미르프라자 1층 101호~106호 (논현동)",37.3985348,126.7252319
소래포구종합어시장,기타,"인천광역시 남동구 소래역로 12 (논현동, 소래포구종합어시장)",37.39873702,126.7371747
소래포구종합어시장,전통시장,남동구 소래역로 12,37.39873702,126.7371747
커낼워크 골목형상점가,상점가,연수구 아트센터대로 402동 141호,37.3992832,126.6370617
뉴코아 아울렛 (인천논현점),전문점,인천광역시 남동구 청능대로 596 (논현동),37.40062136,126.7256485
홈플러스(논현점),대형마트,인천광역시 남동구 청능대로 596 (논현동),37.40062136,126.7256485
홈플러스(주)인천논현점,대형마트,"인천광역시 남동구 청능대로 596, 지하1층 (논현동, 푸르지오시티 홈플러스 인천논현점)",37.40062136,126.7256485
(주)리더스엠식자재,식자재마트,"인천광역시 남동구 논현로46번길 14, 리더스프라자 1층 105,106,107,108,109,110,111호 (논현동)",37.40180627,126.7106753
이조식자재마트,준대규모 점포,"인천광역시 남동구 소래역로46번길 31, 2층 일부, 3층 일부호 (논현동)",37.40202546,126.7356763
웰빙마트,준대규모 점포,"인천광역시 남동구 논현로 20, 1층 (논현동)",37.40317996,126.7087294
이마트 연수점,준대규모 점포,인천광역시 연수구 경원대로 184 (동춘동),37.4042186,126.6811196
(주)논현빅마트,식자재마트,"인천광역시 남동구 청능대로718번길 31, 1층 전부호 (논현동)",37.40554215,126.7362082
스퀘어 원,쇼핑센터,인천광역시 연수구 청능대로 210 (동춘동),37.40599816,126.6836221
홈플러스 인천연수점,대형마트,인천광역시 연수구 청능대로 210 (동춘동),37.40599816,126.6836221
남동산업용품상가,전통시장,"남동구 은청로 4-7, 4-19",37.40708658,126.6935364
남동후생시설,기타,"인천광역시 남동구 남동대로239번길 68 (논현동, 후생시설상가)",37.40831236,126.695822
공단공구상가,기타,"인천광역시 남동구 남동서로 226 (논현동, 공단공구상가)",37.40967173,126.694008
더 테라스 골목형상점가,상점가,연수구 센트럴로 415,37.41087643,126.6269414
에이스식자재마트,준대규모 점포,"인천광역시 남동구 남동대로370번길 131, 1층 (논현동)",37.4132968,126.7129819
송도랜드마크시티 센트럴더샵 골목형상점가,상점가,"연수구 랜드마크로 68, 판매시설동(송도동)",37.41511724,126.6182221
롯데마트 연수점,대형마트,인천광역시 연수구 청능대로 87 (청학동),37.41512236,126.6751703
청학동골목형상점가,상점가,연수구 용담로 71 일원,37.41781036,126.6745822
엘에프네트웍스 연수점,준대규모 점포,인천광역시 연수구 청능대로23번길 11 (청학동),37.41866177,126.6689811
동양홈마트,준대규모 점포,"인천광역시 남동구 서창남로 16-13, 1층 (서창동)",37.4217998,126.7525718
노브랜드인천서창점,준대규모 점포,"인천광역시 남동구 서창남순환로10번길 50, 1층 107호~114호 (서창동, 코아프라자)",37.42326102,126.7516487
선학동 음식특화거리,상점가,학나래로6번길 일원,37.42453709,126.6977013
옥련전통시장,전통시장,연수구 독배로40번길 35(옥련동),37.42462185,126.64683
이마트에브리데이 서창2호점,준대규모 점포,"인천광역시 남동구 서창남순환로215번길 20 (서창동, 1층 101호, 2층 201호)",37.4253061,126.7480096
(주)와식자재마트,준대규모 점포,"인천광역시 남동구 서창남순환로215번길 51, 1층,2층,4층 일부호 (서창동)",37.4262026,126.7467804
연수송도역전시장,전통시장,연수구 한나루로 202-6(옥련동),37.42714059,126.6576577
이마트에브리데이 서창동점,준대규모 점포,"인천광역시 남동구 독곡로 51, 주건축물제1동 1층 (서창동)",37.43448793,126.7495963
이유푸드(주),식육판매업,"인천광역시 중구 축항대로290번길 155, 이유푸드(주) (신흥동3가)",37.43559111,126.6199527
(주)삼양사 인천2공장,식육판매업,"인천광역시 중구 축항대로290번길 121, 삼양사인천공장 (신흥동3가)",37.43691698,126.6220993
(주)서진푸드,식육판매업,"인천광역시 중구 서해대로93번길 14-16, 1층 일부 및 3층 (항동7가)",37.43851425,126.6162686
홈플러스익스프레스 학익점,준대규모 점포,인천광역시 미추홀구 매소홀로 488번길 6-32,37.43889382,126.675113
롯데프레시 서창점,준대규모 점포,"인천광역시 남동구 장아산로128번길 21, 1층 (서창동)",37.43909234,126.7485603
㈜이마트트레이더스 구월점,대형마트,인천광역시 남동구 구월동 1549,37.43961637,126.7078125
스타오씨엘 에비뉴I,그밖의 대규모점포,인천광역시 미추홀구 학익동 587-10,37.44215726,126.6463532
지에스슈퍼 학익점,준대규모 점포,인천광역시 미추홀구 소성로 146,37.44216529,126.6641795
롯데쇼핑(주) 인천터미널점,백화점,인천광역시 미추홀구 연남로 35,37.44250623,126.7015187
에덴마트(선수촌점),준대규모 점포,"인천광역시 남동구 선수촌로 45, 1층 (구월동)",37.44332625,126.7143961
학익시장,전통시장,미추홀구 한나루로 400,37.44355035,126.6649498
구월도매전통시장,전통시장,남동구 인하로 521번길 10-15,37.44365361,126.7056285
진로할인마트(주),준대규모 점포,"인천광역시 남동구 담방로 45, 지하1층 (만수동)",37.44369991,126.7384945
뉴코아 아울렛 (인천점),전문점,"인천광역시 남동구 인하로 485 (구월동, 뉴코아아울렛인천점)",37.44401577,126.7006916
주식회사 이랜드킴스클럽 인천점,대형마트,인천광역시 남동구 인하로 485 (구월동),37.44401577,126.7006916
디앤더블유푸드(주),식육판매업,"인천광역시 중구 축항대로296번길 56-43, 2층 (신흥동3가)",37.44409995,126.6262426
남동농협하나로마트,준대규모 점포,"인천광역시 남동구 장승로 28, 지하1층 (만수동)",37.44532597,126.7352625
신기시장,전통시장,미추홀구 미추홀대로 547(주안동),37.44621581,126.6786452
노브랜드 장승백이시장점,준대규모 점포,"인천광역시 남동구 인주대로888번길 27, 창대장터상가 지하층 B01A~B06호 (만수동)",37.44692236,126.7357351
장승백이전통시장,전통시장,남동구 인주대로888번길 27,37.44692236,126.7357351
구월문화로상점가,상점가,남동구 문화로  89번길 일원,37.44718619,126.6976625
홈플러스 인하점,대형마트,인천광역시 미추홀구 소성로 6,37.44723486,126.6508832
남부종합시장,전통시장,미추홀구 인하로 274-30,37.44737537,126.6783959
홈플러스익스프레스 주안2점,준대규모 점포,인천광역시 미추홀구 인하로 352번길 4,37.44791619,126.6872055
구월골목형상점가,상점가,남동구 문화서로 23번길 일원,37.44826812,126.6946107
항동정육점,식육판매업,"인천광역시 중구 축항대로 234 (항동7가, 연안아파트)",37.44842038,126.6200554
늘목쌈밥,식육판매업,인천광역시 중구 용유서로 158 (을왕동),37.44860655,126.3899777
즐거운마트인향점,준대규모 점포,"인천광역시 남동구 인주대로 670, 지하1층 104,105호 (구월동, 인향콤비타워)",37.44909874,126.7113808
롯데슈퍼 인하대점,준대규모 점포,인천광역시 미추홀구 인하로 107,37.45048081,126.6601181
토지금고시장,전통시장,미추홀구 낙섬중로 32번길 21(용현동),37.45103256,126.6384285
홈플러스(구월점),대형마트,"인천광역시 남동구 예술로 198 (구월동, CGV홈플러스)",37.45173529,126.7019485
홈플러스(주),대형마트,"인천광역시 남동구 예술로 198, 지하2층 (구월동, 홈플러스구월점)",37.45173529,126.7019485
(주)씨에버상사,식육판매업,인천광역시 중구 연안부두로81번길 20 (항동7가),37.45175279,126.6000494
용남시장,전통시장,미추홀구 인주대로 266번길 17-1,37.45189805,126.6658494
인하문화거리 골목형상점가,상점가,"미추홀구 경인남길 30번길 43, 2층",37.45203236,126.6568451
제일미트축산 주식회사,식육판매업,"인천광역시 중구 연안부두로91번길 5, 지하1층,106,107,108,207,208,210호 (항동7가)",37.45211683,126.5982522
현대프라자,그밖의 대규모점포,인천광역시 미추홀구 미추홀대로614번길17,37.45214516,126.6809653
주식회사 맛있는날,식육판매업,"인천광역시 중구 연안부두로75번길 8-1, 202호 (항동7가)",37.45245373,126.5991562
(주)아주유통,준대규모 점포,"인천광역시 남동구 구월로276번길 67, 지하1,2층 (구월동)",37.45250624,126.7212422
영마트,준대규모 점포,"인천광역시 남동구 구월남로 206, 1,2층 (구월동, 주건축물제1동)",37.4525395,126.7122979
구월시장,전통시장,남동구 호구포로790번길 21-13,37.45336936,126.7202675
GS더프레쉬 인천주안점,준대규모 점포,인천광역시 미추홀구 남주길 150,37.45343014,126.6768057
신세계 고기장터,식육판매업,인천광역시 중구 연안부두로33번길 36 (항동7가),37.45357058,126.6057624
인천종합어시장,전통시장,중구 연안부두로 33번길 37(항동7가),37.4536793,126.6068876
진로할인마트,준대규모 점포,"인천광역시 남동구 구월로276번길 39 (구월동, 1층)",37.45383617,126.7213345
(주)리팡,식자재마트,"인천광역시 남동구 남동대로799번길 8, 신영구월지웰시티푸르지오 B동 지하1층 001호 (구월동)",37.45405923,126.707707
미소이마트,준대규모 점포,"인천광역시 남동구 구월남로53번길 10-6, 지1층 b01호 (구월동, 대성파크빌D동)",37.4540651,126.6956816
인천모래내전통시장,전통시장,남동구 호구포로810번길 42-8,37.45420055,126.7214912
신개념토종한우직판장,식육판매업,인천광역시 중구 연안부두로33번길 16 (항동7가),37.4542812,126.6038477
항동닭공판장,식육판매업,인천광역시 중구 축항대로86번길 23 (항동7가),37.4543583,126.6059697
코뚜래정육점,식육판매업,인천광역시 중구 연안부두로33번길 21 (항동7가),37.45481602,126.6049452
용일시장,전통시장,미추홀구 인주대로 184(용현동),37.45531952,126.6572227
주안자유시장,전통시장,미추홀구 경인로 326번길 71,37.45551237,126.6760477
다드림할인마트,준대규모 점포,인천광역시 남동구 백범로124번길 7 (만수동),37.45555424,126.7333739
(주)지에스리테일구월점,준대규모 점포,"인천광역시 남동구 구월로 212, 지하1층 38호 (구월동, 힐캐슬프라자)",37.45599268,126.7140285
현성,식육판매업,"인천광역시 중구 인항로 34, 106호 (신흥동3가,현대상가)",37.45716331,126.6341016
행복한마트,준대규모 점포,"인천광역시 남동구 구월로 65, 지하1층 B101,102,103호 (간석동, 현대홈타운 102동상가)",37.45753839,126.6981018
용현시장,전통시장,미추홀구 용삼길 13(용현동),37.45756117,126.6503744
아인애비뉴,그밖의 대규모점포,인천광역시 미추홀구 경인로 372,37.4580182,126.6811632
태흥프라자,그밖의 대규모점포,인천광역시 미추홀구 경원대로 848,37.45843328,126.6898253
삼화복합빌딩(동아탑월드),그밖의 대규모점포,인천광역시 미추홀구 독배로 443,37.4588572,126.6481956
수협중앙회 급식사업본부,식육판매업,인천광역시 중구 축항대로 50 (항동7가),37.45904608,126.602799
(주)지에스리테일,준대규모 점포,인천광역시 남동구 만수로50번길 53 (만수동),37.45906218,126.7362819
제일시장,전통시장,미추홀구 제일로 37번길,37.45932396,126.6744938
만수시장,전통시장,남동구 만수로27번길 10-11,37.46004651,126.7317843
석바위시장,전통시장,미추홀구 경인로 485번길 17-1,37.46014695,126.6927355
G마트,준대규모 점포,"인천광역시 남동구 백범로 239, 한국통신 1층전부,2층일부호 (만수동)",37.46017677,126.7227946
신성쇼핑센터,쇼핑센터,인천광역시 미추홀구 주안중로 25,37.46057865,126.6822513
동서로마트,준대규모 점포,"인천광역시 남동구 석산로 167, 지하1층 (간석동)",37.46078088,126.7105382
동보올리브백화점,백화점,"인천광역시 남동구 남동대로 880 (간석동, 올리브백화점)",37.46099995,126.7088646
비엘식자재마트,준대규모 점포,"인천광역시 남동구 남동대로 880, 지하1층 (간석동, 올리브백화점)",37.46099995,126.7088646
홈플러스익스프레스 주안점,준대규모 점포,인천광역시 미추홀구 석산로 42,37.46140386,126.6966793
킹식자재마트,준대규모 점포,"인천광역시 남동구 만수서로 56 (만수동,지하1층)",37.46143566,126.7322137
H&Y,식육판매업,"인천광역시 중구 용유서로 494, 양자강 301호 (을왕동)",37.46203007,126.3719999
보미리즌빌,그밖의 대규모점포,인천광역시 미추홀구 경원대로 890,37.46215949,126.6902375
제물포시장,전통시장,수봉로 33,37.46317797,126.6567712
심도유통,대형마트,인천광역시 남동구 용천로168번길 38 (간석동),37.46356682,126.71619
간석자유시장,전통시장,남동구 백범로 312-45,37.46410925,126.7150044
웰빙마트,준대규모 점포,"인천광역시 남동구 호구포로 920, 155호 (만수동)",37.46432915,126.7211804
지에스 더프레시 만수2점,준대규모 점포,"인천광역시 남동구 만수로 107, 1층 (만수동)",37.46474023,126.7377305
신흥 정육식당,식육판매업,인천광역시 중구 도원로7번길 6 (선화동),37.46550271,126.6361872
아이존,그밖의 대규모점포,인천광역시 미추홀구 염창로 58,37.46554181,126.6804649
홈플러스 인천숭의점,대형마트,인천광역시 미추홀구 석정로 51,37.46557816,126.6435306
간석홈마트,준대규모 점포,"인천광역시 남동구 석정로 501, 1층 (간석동)",37.46602113,126.6912716
숭의평화시장,전통시장,미추홀구 참전외로 309(숭의동),37.46636222,126.6461679
신흥시장,전통시장,중구 서해대로458번길 19-6,37.46653475,126.6363112
신신정육점,식육판매업,인천광역시 중구 도원로 23-13(선화동),37.46661298,126.636643
(주)이마트 (동인천점),식육판매업,인천광역시 중구 인중로 134 (신생동),37.46661872,126.6291789
발안닭집,식육판매업,인천광역시 중구 도원로 23-12(선화동),37.46681348,126.6365626
하나로 축산,식육판매업,"인천광역시 중구 제물량로 85, 2층 (신흥동2가)",37.46705199,126.633328
홈세일마트,준대규모 점포,"인천광역시 남동구 방축로 488-3, 스카이빌딩 1층 전부호 (간석동)",37.46708851,126.6922558
제물포골목형상점가,상점가,"미추홀구 석정로 202번길 12-17, 2층",37.4671317,126.657367
공단시장,전통시장,미추홀구 석정로 399,37.46724157,126.6801373
주식회사 두드림푸드,식육판매업,"인천광역시 중구 서해대로449번길 81, 1층 (신흥동1가)",37.46728276,126.6300136
루아축산,식육판매업,인천광역시 중구 서해대로464번길 7 (선화동),37.46731291,126.6366216
우리축산,식육판매업,인천광역시 중구 도산로 18 (도원동),37.46759984,126.6376949
도화종합시장,전통시장,미추홀구 석정로 279번길 7,37.46867866,126.6665058
모연홈마트,준대규모 점포,"인천광역시 남동구 동암남로26번길 39, 1층 일부호 (간석동, 청실프라자)",37.46903261,126.7063097
동서교역,식육판매업,인천광역시 중구 서해대로494번길 14-11 (도원동),37.46911509,126.6381722
앨리웨이 인천,그밖의 대규모점포,인천광역시 미추홀구 숙골로87번길5,37.4694746,126.6632619
이마트에브리데이 인천도화점,준대규모 점포,"인천광역시 미추홀구 숙골로88번길 12(도화동, 더샵인천스카이타워 1단지)",37.46953055,126.6645932
홈플러스(간석점),대형마트,"인천광역시 남동구 경원대로 971 (간석동, 홈플러스)",37.46958768,126.6891078
홈플러스(주)간석점,대형마트,인천광역시 남동구 경원대로 971 (간석동),37.46958768,126.6891078
양지정육식당,식육판매업,인천광역시 중구 제물량로166번길 1-13(신생동),37.47051459,126.6250139
개항누리길상점가,상점가,중구 우현로 35번길,37.47052046,126.6261836
엘림마트,식육판매업,"인천광역시 중구 서해대로483번길 38 (율목동,(2층))",37.47064455,126.6347763
대세정육점,식육판매업,인천광역시 중구 개항로96번길 34 (율목동),37.4708246,126.634118
김박사 고기시장,식육판매업,인천광역시 중구 우현로45번길 24 (신포동),37.47128862,126.6267713
고기나라,식육판매업,"인천광역시 중구 개항로 9, 대청도회 1층 (중앙동4가)",37.47135346,126.6237213
신포닭집,식육판매업,인천광역시 중구 우현로49번길 25 (신포동),37.47141233,126.6269715
신포국제시장,전통시장,중구 우현로 49번길 11-5(신포동) 일원,37.47146219,126.627812
항도정육점,식육판매업,인천광역시 중구 우현로49번길 29 (신포동),37.47148991,126.6267163
신포정육점,식육판매업,인천광역시 중구 우현로49번길 11 (신포동),37.47156548,126.6276781
제주축산물직매장,식육판매업,인천광역시 중구 우현로49번길 20-3 (내동),37.47170916,126.6271834
우리돈,식육판매업,인천광역시 중구 우현로49번길 12 (내동),37.47174207,126.6276756
모닝마트,식육판매업,"인천광역시 중구 개항로 98-1, 실크로드,다다홈,파인드아트 1층 (경동)",37.47196083,126.6335247
정원식품,식육판매업,"인천광역시 중구 큰우물로 6, 지하1층 (경동)",37.47229821,126.6319465
경동정육점,식육판매업,인천광역시 중구 참외전로152번길 10 (경동),37.47277858,126.6330903
열우물전통시장,전통시장,부평구 배곶남로21번길8,37.47354245,126.6951864
주식회사 임박사축산물미트,식육판매업,인천광역시 중구 우현로87번길 17 (인현동),37.47491003,126.629548
동인천상가,상점가,중구 자유공원로 11-1 일원,37.47519206,126.6297834
중앙시장,전통시장,동구 중앙로 68(송현동),37.47535282,126.6333451
송현자유시장,전통시장,동구 중앙로 78(송현동),37.47567382,126.632929
송림골 골목형상점가,상점가,인천 동구 송림동 60-5 외 62개 필지,37.4757629,126.6453388
송현시장,전통시장,동구 화도진로44번길18(송현동),37.47616144,126.6346428
대박정육점,식육판매업,"인천광역시 중구 흰바위로232번길 73, 101호 (운남동)",37.47753992,126.505731
차이나타운로상점가,상점가,중구  차이나타운로 20,37.47755661,126.6191085
동부시장,전통시장,동구 송림로109번길(송림동),37.47786101,126.6462198
현대시장,전통시장,동구 송림로109번길(송림동),37.47786101,126.6462198
송월알짜마트,식육판매업,인천광역시 중구 제물량로306번길 12 (북성동2가),37.47823671,126.6183343
전동정육점,식육판매업,"인천광역시 중구 참외전로72번길 3 (전동,마트 내 전동정육점)",37.47866928,126.6280241
인천축산물시장,전통시장,가좌로 96번길35 (가좌동 480-18),37.47899257,126.6884571
수문통로골목형상점가,상점가,인천 동구 수문통로 일원,37.47962732,126.6341427
착한 정육식당(영종점),식육판매업,"인천광역시 중구 흰바위로 236, 209호, 210호 (운남동)",37.4797416,126.5021462
화수시장,전통시장,동구 석수로 12 (화수동),37.47992758,126.627867
인성축산,식육판매업,인천광역시 중구 참외전로33번길 17 (송월동1가),37.480591,126.6237755
(주)이마트,대형마트,인천광역시 동구 봉수대로 82,37.48305893,126.6603513
송림공구상가,전통시장,동구 봉수대로 98(송림동),37.4835908,126.6622109
인천송림공구시장,시장,인천광역시 동구 봉수대로 98(송림동),37.4835908,126.6622109
운서 한우 한돈 정육점,식육판매업,"인천광역시 중구 운서2로68번길 33, 201호 (운서동)",37.4841958,126.5078932
럭키할인마트,식육판매업,"인천광역시 중구 은하수로 465, 1층 104호 (중산동, 영종엘에이치7단지)",37.48434213,126.55163
일신시장,전통시장,부평구 경인로 1118번길14-7,37.48472019,126.7432795
인천산업유통사업협동조합,상점가,인천광역시 동구 방축로83번길 23(송림동),37.48482772,126.654796
인천산업유통센터,전통시장,동구 방축로83번길 23(송림동),37.48482772,126.654796
우등급 영종하늘도시점,식육판매업,"인천광역시 중구 하늘달빛로 78, 2층 201, 202, 203호 (중산동, 영종 힐링프라자)",37.48636482,126.5587472
하늘정육점,식육판매업,"인천광역시 중구 하늘달빛로 80, LS타워 1층 104호 (중산동)",37.48650092,126.5585676
반상회 정육점,식육판매업,"인천광역시 중구 하늘달빛로 90-7, 스카이에비뉴1 3층 310호 (중산동)",37.48724283,126.5583073
가재울  골목형상점가,상점가,서구 고래울로 22~48 일원(가좌4동),37.48731586,126.6847837
영종 눈꽃한우,식육판매업,"인천광역시 중구 하늘별빛로65번길 7-9, 1층 101호 (중산동)",37.48846999,126.5646678
백년 숯불 정육 식당,식육판매업,"인천광역시 중구 운남로 128, 노아빌딩 1층 103호 (운남동)",37.48900754,126.5332593
롯데마트 부평역점,대형마트,인천 부평구 광장로 16(부평동),37.48956767,126.7233506
부평역사쇼핑몰,쇼핑센터,인천 부평구 광장로 16(부평동),37.48956767,126.7233506
하늘정육식당,식육판매업,"인천광역시 중구 흰바위로92번길 6-9, 101호 (운서동)",37.49003393,126.4933176
조양타워골목형상점가,상점가,중구 중산동 1882-1(조양타워),37.49042252,126.5607399
2001 아울렛,쇼핑센터,인천 부평구 경원대로 1277(산곡동),37.49078743,126.7100056
(주)가온축산,식육판매업,인천광역시 중구 운남동로 56-10(운남동),37.49139973,126.5352338
영종도구읍뱃터먹자거리골목형상점가,상점가,"중구 은하수로29번길 48, 은하수로 3, 은하수로 1",37.4915091,126.5818621
꿈꾸는건지골 골목형상점가,상점가,서구 신진말로14번길 18~ 원적로47번길 23일원(가좌3동),37.49176257,126.6768424
중구농협 하나로마트 본점,식육판매업,"인천광역시 중구 운남로 166 (운남동,중구농협 하나로마트)",37.49220325,126.5333603
반딧불거리 골목형상점가,상점가,부평구 경원대로1377번길 23 일원,37.49235662,126.7221169
통큰소한마리,식육판매업,"인천광역시 중구 흰바위로 31, 에어로시티 107호 (운서동)",37.49276708,126.4884608
농협하나로마트가좌점,준대규모 점포,인천광역시 서구 장고개로337번길 16(가좌동11 한신휴플러스＠상가지하1층),37.49314201,126.6853545
모다백화점,백화점,인천 부평구 부평문화로 35(부평동),37.49354003,126.7195744
담소정,식육판매업,"인천광역시 중구 신도시남로141번길 7, 신공항프라자 2층 201호 (운서동)",37.4937101,126.4895086
부평문화의거리,전통시장,부평구 부평문화로 80번길 6-7,37.49384712,126.724759
가좌시장,전통시장,서구 장고개로337번길 18-19,37.49413933,126.6833977
푸른 농장,식육판매업,"인천광역시 중구 신도시남로141번길 2, 101동 (운서동,대원프라자)",37.49415792,126.4901609
부평문화인의거리 골목형상점가,상점가,부평구 부평문화로 51-1 일원,37.49420431,126.7219643
부슈리_드_무뭉,식육판매업,"인천광역시 중구 운서로7번길 22, 101호 (운서동)",37.49494616,126.500977
풍미 주식회사,식육판매업,"인천광역시 중구 운중로 144, 1층 (중산동)",37.49498533,126.549273
범양골목형상점가,상점가,서구 건지로 411 일원 (가좌2동),37.49526056,126.6871932
부평종합시장,전통시장,부평구 주부토로22번길 29-10,37.4958213,126.7263041
원적로 골목형상점가,상점가,서구 건지로399번길 9-1 ~ 원적로124번길30 일원 (가좌2동),37.49669644,126.6862593
진흥종합시장,전통시장,부평구 부흥로 304번길27,37.49694725,126.725706
고집불통정육부,식육판매업,인천광역시 중구 운중로 182 (중산동),37.49743297,126.5522792
홈플러스 가좌점,대형마트,인천광역시 서구 가정로 151(가좌동 118번지),37.49764729,126.6707373
부평깡시장,전통시장,부평구 시장로 79번길 36-3,37.49793946,126.7272737
호주한국인농장,식육판매업,인천광역시 중구 자연대로 219-5 (중산동),37.49809819,126.5442478
연우그린푸드,식육판매업,인천광역시 중구 젓개로46번길 82(운북동),37.50319374,126.5144311
경남종합상가,그 밖의 대규모점포,인천 부평구 안남로222번길 27(산곡동),37.50344128,126.711765
신거북시장,전통시장,서구 면개포로 5 (석남동 540-27),37.50357698,126.6727232
거북시장,전통시장,서구 면개포로 10번길 12 (석남동 548),37.50382328,126.6742103
부개종합시장상점가,상점가,"부평구 부개로 71-12, 71-14",37.5043602,126.7393708
효실천거리 골목형상점가,상점가,부평구 길주남로 87 일원,37.50443817,126.7315809
롯데마트 부평점,대형마트,인천 부평구 마장로 296(산곡동),37.50501182,126.7040748
전방의거리 골목형상점가,상점가,부평구 안남로 261 일원,37.50625127,126.7085804
롯데마트 삼산점,대형마트,인천 부평구 길주로 623(삼산동),37.50789306,126.7320158
투에이치유통,식육판매업,인천광역시 중구 백운로254번길 80-21 (운북동),37.50866211,126.5313277
모다아울렛,전문점,인천광역시 서구 북항로32번안길 50(원창동 381-69번지 외 1필지),37.50991912,126.647725
신석로 골목형상점가,상점가,서구 가정로293번길 14-1 ~길주로75번길 34 일원(석남1동),37.51122946,126.6709086
논골축산,식육판매업,인천광역시 중구 논골길 39 (운북동),37.51208105,126.5384232
강남시장,전통시장,서구 가정로 307번길 11-2,37.51211319,126.6711457
HomeCC인천점,전문점,인천광역시 서구 중봉대로 393(원창동 379-1번지),37.51549387,126.6468177
신현회화 골목형상점가,상점가,서구 염곡로 349 ~ 새오개로48번길 22 일원(신현동),37.51586406,126.6685364
롯데슈퍼 신현점,준대규모 점포,인천광역시 서구 염곡로 351 (신현동 134-25),37.51602351,126.6680443
노브랜드 인천원창점,준대규모 점포,인천광역시 서구 중봉대로393번길 26 (원창동),37.51638365,126.6450289
서경백화점,백화점,인천광역시 서구 가정로 369(신현동 272-1번지),37.51795748,126.6725561
정서진중앙시장,전통시장,서구 원창로 239번길 10,37.51834262,126.6761693
갈산시장,전통시장,주부토로262번길 19-24,37.51875501,126.7283537
삼산시장,전통시장,후정동로 25번길8,37.51984888,126.7376662
루원이음길 골목형상점가,상점가,서구 가정로406번길 12~ 석곶로22번길 7-2일원(가정1동),37.52102298,126.6745213
아울렛아이즈빌,쇼핑센터,인천 부평구 마장로 489(청천동),37.52136374,126.7037206
롯데슈퍼 청라2점,준대규모 점포,인천광역시 서구 보석로 44 (청라동 104-9),37.52352808,126.6241084
GS 더프레시 루원리더스뷰점,준대규모 점포,"인천광역시 서구 봉오대로 270, 루원시티 SK리더스뷰2차 근린생활시설 302동 B239호~B245호",37.52391674,126.6802366
푸른솔빛 골목형상점가,상점가,서구 푸른로14번길 12 ~솔빛로 86 일원(청라3동),37.52424646,126.6288698
이마트에브리데이 인천sk리더스뷰점,준대규모 점포,"인천광역시 서구 가정로437, B242~B250호(가정동, 루원시티 SK리더스뷰)",37.52425246,126.6701177
이마트 에브리데이 경서점,준대규모 점포,인천광역시 서구 청라동 105-60(sk뷰아파트 정문건너편),37.52513842,126.6302692
루원음식문화거리 골목형상점가,상점가,서구 봉오재 3로 90~104일원(가정1동),37.52719445,126.6697465
(주)GS리테일 루원시티점,준대규모 점포,"인천광역시 서구 봉오재3로 66 (가정동, 루원시티프라디움) 2동 106호~111호(시티프라디움단지상가)",37.52747863,126.6643492
이마트 에브리데이 청라점,준대규모 점포,"인천광역시 서구 청라동 173-1 호반베르디움4차 301동 B01, B02, B08, B09, B10",37.52753293,126.6387486
롯데슈퍼 청라점,준대규모 점포,인천광역시 서구 청라루비로42번길 6-9 (청라동 176-1),37.52867046,126.641295
노브랜드 인천가정점,준대규모 점포,인천광역시 서구 청중로478번안길 4 (가정동) 1층(가정동),37.52933927,126.6650102
롯데마트 청라점,대형마트,인천광역시 서구 청라커낼로 252청라롯데캐슬 (청라동 159-1번지),37.53025357,126.6477824
작전시장,전통시장,계양구 봉오대로 677번길 7-1 일대,37.53154656,126.7239516
홈플러스 인천청라라점,대형마트,인천광역시 서구 중봉대로 587(청라동 157-22번지),37.5322692,126.6487535
홈플러스익스프레스 청라1점,준대규모 점포,인천광역시 서구 청라 풍림엑슬루상가(청라동 164-1 101~104호),37.5322692,126.6487535
노브랜드 인천청라스케어점,준대규모 점포,인천광역시 서구 청라루비로 76 (청라동) 101호~105호,37.532284,126.6420995
청라스퀘어세븐,쇼핑센터,인천광역시 서구 청라루비로 76(청라동 155-7),37.532284,126.6420995
하나로마트 청라점,준대규모 점포,"인천광역시 서구 청라에메랄드로 99, 지하1층(연희동, 지젤엠청라)",37.53360493,126.6557308
노브랜드 인천경서점,준대규모 점포,인천광역시 서구 청라커낼로288번길 16 (청라동),37.53388411,126.6463559
GS슈퍼마켓 청라라임점,준대규모 점포,인천광역시 서구 청라라임로 85 (청라동 160-1),37.53466394,126.6526145
GS슈퍼마켓 청라한울점,준대규모 점포,인천광역시 서구 청라한울로 96,37.53668834,126.6487592
홈플러스익스프레스 경서2점,준대규모 점포,인천광역시 서구 청라루비로144번길 6 (청라동 141-1),37.53788062,126.6412962
하이베라스상점가,상점가,계양구 계산새로 71(계산동),37.53878034,126.7358176
계산시장,전통시장,계양구 계산시장길 10-18 일대,37.5392795,126.7248527
이마트 에브리데이 심곡점,준대규모 점포,인천광역시 서구 심곡로 57 (심곡동 248-7),37.54238939,126.6760528
GS슈퍼마켓 서인천점,준대규모 점포,인천광역시 서구 탁옥로34번길 1 (심곡동 249-4),37.54371761,126.6738495
탁옥로 골목형상점가,상점가,서구 탁옥로 14~23 일원(심곡동),37.54388775,126.6709707
노브랜드 인천심곡점,준대규모 점포,인천광역시 서구 서곶로 300 (심곡동) 1층,37.54427977,126.6772389
계양산 전통시장,전통시장,계양구 병방시장로 69 일대,37.54803137,126.7394455
홈플러스익스프레스 연희점,준대규모 점포,인천광역시 서구 서곶로 351 (연희동 687-1),37.54904487,126.6766807
연희로 골목형 상점가,상점가,서구 연희로14번길 10~대평로8번길 2일원(연희동),37.55003156,126.6756983
홈플러스익스프레스 경서점,준대규모 점포,인천광역시 서구 경서로69번길 (경서동 728-4),37.55860814,126.6527977
경서 골목형상점가,상점가,서구 도요지로 15 ~ 경서로70번길 1 일원 (경서동),37.56006588,126.6532357
이마트 에브리데이 검암점,준대규모 점포,인천광역시 서구 승학로 504 (검암동 610-5),37.56507387,126.675682
GS 더프레시 검암푸르지오점,준대규모 점포,"인천광역시 서구 한들로 33, 검암역로열파크시티푸르지오 1단지 근린생활시설 5동 지하1층 B101호 (1개 호수)",37.57876607,126.6645957
GS THE FRESH 검단대방점,준대규모 점포,"인천광역시 서구 이음2로 30(당하동, 대방디에트르 더 펠리체) B101~B105호",37.58511452,126.7098098
이마트 검단점,대형마트,인천광역시 서구 서곶로 754당하동 1065-1번지),37.58577158,126.6774449
GS 더프레시 검단법원점,준대규모 점포,"인천광역시 서구 서로3로 104, 신화프라자 근린생활시설 1층 107호~110호(4개호수)",37.58883157,126.7076978
GS슈퍼마켓 당하점,준대규모 점포,인천광역시 서구 청마로167번길 12 (당하동 1095-6),37.5925753,126.6756346
홈플러스익스프레스 당하점,준대규모 점포,인천광역시 서구 청마로167번길 14 (당하동 925-16),37.59258981,126.6753093
청마로 골목형상점가,상점가,서구 청마로 175 ~ 청마로167번안길 23 일원(당하동),37.59287661,126.6764276
노브랜드 인천원당점,준대규모 점포,"인천광역시 서구 원당대로 865 (원당동) 110호~115호(원당동,대산프라자)",37.59385217,126.6977273
검단공구상가,전문점,인천광역시 서구 보듬5로 13(오류동 1640-2번지),37.59400954,126.6125443
롯데마트 검단점,대형마트,인천광역시 서구 원당대로 581(마전동 1031-1번지),37.59453197,126.6645754
원당중앙로 골목형상점가,상점가,서구 고산후로121번길 25 ~ 원당대로 859 일원(원당동),37.59463222,126.6964511
이마트 에브리데이 마전점,준대규모 점포,인천광역시 서구 서곶로 884(마전동 1054-1 외 1필지),37.59577153,126.6751993
단봉로 골목형상점가,상점가,서구 단봉로 97 ~ 단봉로 99 일원(오류왕길동),37.59703062,126.6408274
노브랜드 인천마전점,준대규모 점포,"인천광역시 서구 완정로64번길 4(마전동, 영남탑스빌상가)",37.59744781,126.6683608
홈플러스익스프레스 마전점,준대규모 점포,인천광역시 서구 완정로64번길 4 (마전동 641),37.59744781,126.6683608
탑스빌웰빙타운,쇼핑센터,인천광역시 서구 완정로 70(마전동 999-4번지),37.59801105,126.6673174
롯데프레시 검단예미지점,준대규모 점포,"인천광역시 서구 원당동 1014, 검단신도시예미지트리플에듀 상가동 113~117호",37.60001586,126.7138573
노브랜드 인천마전점,준대규모 점포,"인천광역시 서구 검단로 492 (마전동, 세훈빌딩)",37.6022292,126.6588557
GS슈퍼마켓 왕길점,준대규모 점포,인천광역시 서구 완정로 193 (왕길동 635-1),37.60271111,126.6548509
롯데프레시 인천마전점,준대규모 점포,"인천광역시 서구 마전동 904-3, 102호",37.60324844,126.655213
노브랜드 인천불로점,준대규모 점포,인천광역시 서구 검단로 747 (불로동),37.61291906,126.6836418
이마트 에브리데이 불로점,준대규모 점포,"인천광역시 서구 검단로 779 (불로동 324-11,-12)",37.61475767,126.6859575
월드상가 골목형상점가,상점가,서구 검단로 842 일원(불로동),37.6186272,126.6908983
강화버스터미널시장,전통시장,강화군 강화읍 중앙로 43,37.73977668,126.4904067
강화풍물시장,전통시장,강화군 강화읍 중앙로 17-9,37.74142155,126.4928692
고려 골목형상점가,상점가,강화군 강화읍 관청리 501-1,37.74748621,126.484342
강화중앙시장,전통시장,"강화군 강화읍 강화대로 429(A동),430(B동)",37.74759546,126.484189
강화 골목형상점가,상점가,강화군 강화읍 관청리 544-5,37.74793079,126.4825021
대룡시장 골목형상점가,상점가,강화군 교동면 대룡리 465-2,37.78272969,126.2797107
